[{"title":"Chocolates","description":"Nestle","price":"5000","thumbnail":"","code":"CH123","stock":"50","status":"active","category":"Chocolates","id":"093c78445117a42c1c9e9d59ec86cfc8"},{"title":"Libros","description":"Varios","price":"8000","thumbnail":"","code":"LI123","stock":"100","status":"active","category":"Libros","id":"e8ab1bc91f3195e441110402082bd31e"},{"title":"Caramelos","description":"Dulces","price":"5050","thumbnail":"","code":"CAR123","stock":"50","status":"active","category":"Caramelos","id":"44770e72c5f9bec6ba3701dff64fe776"},{"title":"Caramelos","description":"Dulces","price":"5050","thumbnail":"","code":"CAR1234","stock":"50","status":"active","category":"Caramelos","id":"2e3e3b70411a6f3bc2d7a77b0101b65d"}]